City_ID,City,Lat,Lng,Max Temp,Humidity,Cloudiness,Wind Speed,Country,Date
0,kristinestad,62.2743,21.376,272.09,80,100,4.79,FI,1698592567
1,metro,-5.1131,105.3067,297.37,79,10,1.82,ID,1698592568
2,alta,69.9689,23.2717,267.74,82,20,3.09,NO,1698592568
3,zhigalovo,54.8097,105.1578,265.45,56,32,0.98,RU,1698592569
4,ankazobe,-18.3167,47.1167,293.68,72,98,0.63,MG,1698592569
5,strezhevoy,60.7333,77.5889,263.13,85,13,1.34,RU,1698592570
6,nemuro,43.3236,145.575,283.37,74,55,4.4,JP,1698592570
7,zheleznogorsk,52.331,35.3711,276.69,75,100,5.14,RU,1698592571
8,urcos,-13.6861,-71.6228,292.09,51,100,2.05,PE,1698592571
9,adamstown,-25.066,-130.1015,295.45,84,100,7.33,PN,1698592572
10,waitangi,-43.9535,-176.5597,280.83,93,6,2.12,NZ,1698592572
11,mantenopolis,-18.8625,-41.1228,304.39,37,62,3.6,BR,1698592573
12,albany,42.6001,-73.9662,280.5,92,100,2.43,US,1698592513
13,longyearbyen,78.2186,15.6401,270.06,86,75,3.6,SJ,1698592574
14,afaahiti,-17.75,-149.2833,296.08,82,42,6.61,PF,1698592574
15,blackmans bay,-43.0167,147.3167,284.0,66,100,3.16,AU,1698592575
16,port-aux-francais,-49.35,70.2167,276.48,97,100,6.99,TF,1698592576
17,saint-philippe,-21.3585,55.7679,298.92,88,43,5.1,RE,1698592576
18,bozhou,33.8772,115.7703,292.82,48,0,2.71,CN,1698592331
19,margaret river,-33.95,115.0667,283.85,75,4,5.51,AU,1698592578
20,ushuaia,-54.8,-68.3,278.96,61,100,8.23,AR,1698592578
21,bilibino,68.0546,166.4372,250.26,96,27,2.03,RU,1698592579
22,badger,64.8,-147.5333,267.24,88,100,0.0,US,1698592580
23,olonkinbyen,70.9221,-8.7187,273.17,69,100,0.97,SJ,1698592580
24,nogliki,51.8333,143.1667,272.78,80,13,3.13,RU,1698592581
25,de pere,44.4489,-88.0604,276.66,70,100,4.12,US,1698592582
26,tshikapa,-6.4167,20.8,304.8,57,56,0.53,CD,1698592289
27,vadso,70.0744,29.7487,270.24,74,75,3.6,NO,1698592583
28,papatowai,-46.5619,169.4708,279.71,91,100,2.38,NZ,1698592583
29,tir pul,34.5943,61.269,297.46,26,5,1.87,AF,1698592584
30,olyokminsk,60.3736,120.4264,266.45,65,8,2.36,RU,1698592584
31,hermanus,-34.4187,19.2345,290.19,55,0,12.07,ZA,1698592585
32,atafu village,-8.5421,-172.5159,302.13,72,90,6.17,TK,1698592586
33,tra mhor,52.1624,-7.1524,286.89,70,40,3.09,IE,1698592586
34,lamu,-2.2717,40.902,300.14,78,100,4.29,KE,1698592587
35,west island,-12.1568,96.8225,299.14,83,40,8.23,CC,1698592588
36,kingston,17.997,-76.7936,304.4,65,23,0.45,JM,1698592310
37,puerto natales,-51.7236,-72.4875,279.4,45,40,8.23,CL,1698592589
38,lata,40.1629,-8.3327,290.41,91,100,0.75,PT,1698592590
39,alofi,-19.0595,-169.9187,297.09,88,100,5.14,NU,1698592591
40,berdigestyakh,62.0989,126.6992,253.8,100,98,1.0,RU,1698592591
41,kiuruvesi,63.65,26.6167,269.55,83,98,2.36,FI,1698592592
42,ulsteinvik,62.3432,5.8487,278.88,53,0,5.81,NO,1698592592
43,turpan,42.9333,89.1667,288.61,38,80,0.75,CN,1698592593
44,aykhal,66.0,111.5,254.42,93,100,5.62,RU,1698592594
45,edinburgh of the seven seas,-37.0676,-12.3116,284.37,65,22,10.26,SH,1698592594
46,keflavik,64.0049,-22.5624,280.1,65,0,1.03,IS,1698592595
47,shizuishan,39.2333,106.7694,286.21,29,0,1.39,CN,1698592595
48,merowe,18.4833,31.8167,309.83,15,8,3.56,SD,1698592304
49,sao joao da ponte,-15.9292,-44.0078,308.49,25,46,3.55,BR,1698592596
50,fisterra,42.9049,-9.2629,287.45,65,91,9.24,ES,1698592597
51,polyarnyy,69.1989,33.4478,266.12,90,100,1.3,RU,1698592597
52,bredasdorp,-34.5322,20.0403,288.82,53,3,10.12,ZA,1698592598
53,iqaluit,63.7506,-68.5145,265.0,67,75,4.63,CA,1698592599
54,stanley,54.868,-1.6985,282.48,95,75,2.06,GB,1698592599
55,sidney,-33.8679,151.2073,291.32,77,1,3.6,AU,1698592372
56,sorong,-0.8833,131.25,298.94,88,47,3.05,ID,1698592600
57,tinajo,29.0788,-13.7081,298.64,69,20,5.14,ES,1698592601
58,yellowknife,62.456,-114.3525,267.27,90,75,1.54,CA,1698592601
59,ceeldheer,3.8488,47.1806,298.84,83,100,5.57,SO,1698592602
60,sirte,31.2089,16.5887,298.51,59,9,5.35,LY,1698592603
61,mount pearl,47.5166,-52.7813,282.51,73,75,10.8,CA,1698592603
62,coahuayana de hidalgo,18.7,-103.6583,300.78,79,34,1.28,MX,1698592604
63,ilulissat,69.2167,-51.1,268.16,68,75,2.06,GL,1698592604
64,anadyr,64.75,177.4833,273.43,86,75,3.0,RU,1698592605
65,wailua homesteads,22.0669,-159.378,294.59,84,20,3.6,US,1698592605
66,vernon,50.2581,-119.2691,270.54,71,13,3.09,CA,1698592606
67,hastings,50.8552,0.5729,286.22,43,71,13.03,GB,1698592579
68,warrnambool,-38.3833,142.4833,283.23,82,100,5.7,AU,1698592607
69,soroca,48.1558,28.2975,289.37,44,25,1.85,MD,1698592608
70,tsiombe,-25.3,45.4833,300.45,62,3,5.1,MG,1698592608
71,grytviken,-54.2811,-36.5092,276.37,88,48,1.98,GS,1698592609
72,balikpapan,-1.2675,116.8289,300.7,83,20,0.51,ID,1698592610
73,kodiak,57.79,-152.4072,281.88,93,100,10.29,US,1698592610
74,laojunmiao,39.8333,97.7333,281.96,29,1,2.6,CN,1698592611
75,bhandara,21.1667,79.65,294.58,55,1,1.72,IN,1698592612
76,machico,32.7,-16.7667,297.04,79,75,5.66,PT,1698592612
77,bethel,41.3712,-73.414,284.35,87,100,2.57,US,1698592386
78,boende,-0.2167,20.8667,301.03,69,99,1.23,CD,1698592614
79,lago da pedra,-4.3333,-45.1667,310.89,27,39,3.22,BR,1698592614
80,jamestown,42.097,-79.2353,280.66,98,100,3.6,US,1698592615
81,hawaiian paradise park,19.5933,-154.9731,294.28,92,0,3.09,US,1698592615
82,aswan,24.0934,32.907,307.51,21,1,4.15,EG,1698592616
83,tolanaro,-25.0319,46.9987,298.15,85,30,6.03,MG,1698592617
84,college,64.8569,-147.8028,267.29,86,75,0.0,US,1698592617
85,crane,31.3974,-102.3501,282.52,91,99,10.89,US,1698592618
86,auki,-8.7676,160.7034,298.12,89,98,1.49,SB,1698592619
87,guangyuan,32.442,105.823,290.51,80,56,0.94,CN,1698592619
88,porto novo,6.4965,2.6036,304.05,69,99,1.49,BJ,1698592620
89,kormilovka,55.0026,74.1028,270.12,73,83,4.16,RU,1698592620
90,jinan-gun,35.7917,127.4253,283.45,87,92,1.05,KR,1698592621
91,port alfred,-33.5906,26.891,290.47,63,74,1.34,ZA,1698592621
92,riesi,37.2819,14.0823,297.33,51,10,3.15,IT,1698592622
93,lebu,-37.6167,-73.65,282.83,82,100,9.2,CL,1698592623
94,fortuna,40.5982,-124.1573,280.34,93,0,5.14,US,1698592623
95,simanggang,1.2472,111.4528,298.14,94,100,0.0,MY,1698592624
96,island harbour,50.724,-1.2758,287.17,85,99,3.13,GB,1698592625
97,tomatlan,19.9333,-105.25,299.77,80,32,0.61,MX,1698592625
98,petropavlovsk-kamchatsky,53.0452,158.6483,276.18,59,0,4.0,RU,1698592626
99,tiksi,71.6872,128.8694,260.67,94,100,2.22,RU,1698592627
100,dongola,19.1667,30.4833,309.8,13,1,2.51,SD,1698592627
101,al wafrah,28.6392,47.9306,297.31,34,96,2.82,KW,1698592628
102,udachny,66.4167,112.4,257.29,84,100,4.23,RU,1698592629
103,yeed,4.55,43.0333,300.24,69,98,1.41,SO,1698592629
104,kavaratti,10.5669,72.642,301.92,67,87,0.77,IN,1698592630
105,tchollire,8.4022,14.1698,307.13,37,44,2.53,CM,1698592631
106,ribeira grande,38.5167,-28.7,291.91,63,40,3.6,PT,1698592631
107,mount gambier,-37.8333,140.7667,283.19,89,100,4.3,AU,1698592632
108,port lincoln,-34.7333,135.8667,286.66,77,100,5.08,AU,1698592633
109,whitehorse,60.7161,-135.0538,269.58,92,100,5.66,CA,1698592634
110,port elizabeth,-33.918,25.5701,289.44,61,75,4.63,ZA,1698592634
111,aasiaat,68.7098,-52.8699,265.54,88,100,2.23,GL,1698592635
112,oriximina,-1.7656,-55.8661,310.76,30,80,2.87,BR,1698592635
113,nikolayevsk-on-amure,53.1406,140.73,270.86,91,8,1.59,RU,1698592636
114,port mathurin,-19.6833,63.4167,298.2,73,40,4.63,MU,1698592637
115,remire-montjoly,4.9167,-52.2667,306.17,55,20,4.63,GF,1698592637
116,laguna,38.421,-121.4238,285.22,47,0,3.6,US,1698592638
117,karratha,-20.7377,116.8463,300.87,68,100,5.32,AU,1698592639
118,zahir pir,28.8124,70.524,301.22,22,0,1.36,PK,1698592639
119,hamilton,39.1834,-84.5333,288.56,95,100,3.6,US,1698592625
120,san patricio,28.017,-97.5169,303.07,68,1,4.9,US,1698592640
121,columbus,39.9612,-82.9988,285.86,97,100,3.09,US,1698592370
122,carutapera,-1.195,-46.02,303.33,61,99,5.36,BR,1698592641
123,caleta de carquin,-11.0925,-77.6267,294.65,77,99,4.48,PE,1698592642
124,enewetak,11.3474,162.3373,302.0,76,24,7.56,MH,1698592643
125,lihue,21.9789,-159.3672,294.92,94,20,3.6,US,1698592643
126,pisco,-13.7,-76.2167,297.18,64,0,4.12,PE,1698592644
127,guerrero negro,27.9769,-114.0611,291.87,78,4,5.22,MX,1698592644
128,tofol,5.3248,163.0078,299.72,83,100,1.49,FM,1698592645
129,isafjordur,66.0755,-23.124,274.17,80,0,0.0,IS,1698592645
130,vershino-darasunskiy,52.35,115.5167,263.54,39,25,1.69,RU,1698592646
131,egilsstadir,65.2653,-14.3948,274.1,100,75,1.03,IS,1698592646
132,palmas,-10.2128,-48.3603,305.08,62,20,3.09,BR,1698592647
133,palikir - national government center,6.9248,158.1611,297.56,94,100,1.54,FM,1698592648
134,sagua la grande,22.8067,-80.0756,300.7,73,64,6.48,CU,1698592648
135,fengcheng,40.4536,124.0717,284.47,96,54,1.21,CN,1698592649
136,west bay,19.3667,-81.4167,304.19,72,20,4.63,KY,1698592650
137,praia da vitoria,38.7333,-27.0667,291.35,82,75,7.96,PT,1698592651
138,las khorey,11.1595,48.1967,300.56,79,98,4.91,SO,1698592651
139,nombre de dios,23.85,-104.2333,290.9,69,45,1.51,MX,1698592652
140,gadzhiyevo,69.2551,33.3362,265.73,91,100,1.39,RU,1698592652
141,greymouth,-42.4667,171.2,279.47,80,100,2.05,NZ,1698592653
142,sao felix do xingu,-6.6447,-51.995,312.76,22,11,2.63,BR,1698592654
143,horqueta,-23.3428,-57.0597,310.37,32,43,5.56,PY,1698592654
144,weno,7.4515,151.8468,301.12,83,100,4.63,FM,1698592655
145,kapuskasing,49.4169,-82.4331,272.2,86,100,4.12,CA,1698592655
146,san luis de la loma,17.2706,-100.8939,300.79,77,98,1.08,MX,1698592656
147,invercargill,-46.4,168.35,277.6,93,94,0.89,NZ,1698592657
148,puerto ayora,-0.7393,-90.3518,300.13,86,67,3.58,EC,1698592657
149,lagos,6.5833,3.75,307.33,60,64,1.39,NG,1698591958
150,codrington,-38.2667,141.9667,283.2,86,100,5.61,AU,1698592659
151,portland,45.5234,-122.6762,279.14,67,20,6.26,US,1698592305
152,swift current,50.2834,-107.8014,264.6,86,40,3.6,CA,1698592660
153,ust-nera,64.5667,143.2,255.05,97,59,1.03,RU,1698592464
154,badiyah,22.45,58.8,300.13,53,83,5.47,OM,1698592661
155,cartagena,10.3997,-75.5144,296.94,100,75,4.12,CO,1698592593
156,annaba,36.9,7.7667,302.13,39,40,2.06,DZ,1698592662
157,sumy,50.9216,34.8003,280.82,81,88,2.88,UA,1698592663
158,port said,31.2565,32.2841,298.63,79,47,6.49,EG,1698592663
159,klyuchi,52.2667,79.1667,271.98,95,96,3.67,RU,1698592664
160,alice springs,-23.7,133.8833,294.9,11,82,3.09,AU,1698592592
161,pachino,36.7186,15.0907,295.84,66,39,4.2,IT,1698592665
162,thompson,55.7435,-97.8558,266.24,93,75,2.57,CA,1698592665
163,haiku-pauwela,20.9219,-156.3051,296.51,77,0,3.6,US,1698592666
164,fale old settlement,-9.3852,-171.2468,301.54,75,82,5.42,TK,1698592666
165,kismayo,-0.3582,42.5454,300.36,76,43,4.89,SO,1698592667
166,kailua-kona,19.6406,-155.9956,297.87,79,20,2.24,US,1698592668
167,junin de los andes,-39.9504,-71.0694,274.68,95,92,5.8,AR,1698592668
168,port douglas,-16.4833,145.4667,296.86,69,92,4.89,AU,1698592669
169,dharchula,29.85,80.5333,288.53,74,13,1.88,IN,1698592669
170,puerto santa,-8.9906,-78.6456,293.68,82,58,4.09,PE,1698592670
171,sassandra,4.95,-6.0833,302.48,66,20,3.67,CI,1698592670
172,doka,13.5167,35.7667,297.49,72,76,1.62,SD,1698592671
173,port hedland,-20.3167,118.5667,299.18,89,99,3.09,AU,1698592671
174,selfoss,63.9331,-20.9971,274.84,62,16,3.02,IS,1698592672
175,sao joao dos patos,-6.495,-43.7022,310.5,19,5,3.89,BR,1698592673
176,vite,17.2833,74.55,299.15,36,1,4.76,IN,1698592673
177,emporia,38.4039,-96.1817,274.26,80,100,6.69,US,1698592674
178,prineville,44.2999,-120.8345,269.88,85,0,1.54,US,1698592460
179,klichaw,53.4928,29.3352,275.54,79,45,1.49,BY,1698592675
180,tazovsky,67.4667,78.7,258.11,93,31,2.11,RU,1698592675
181,dudinka,69.4058,86.1778,257.41,92,63,5.81,RU,1698592676
182,qaqortoq,60.7167,-46.0333,275.87,65,100,3.26,GL,1698592676
183,ust'-ilimsk,58.0006,102.6619,269.51,56,98,5.36,RU,1698592677
184,collie,-33.3667,116.15,280.72,83,4,2.37,AU,1698592677
185,arar,30.9753,41.0381,301.16,18,75,5.14,SA,1698592678
186,tadine,-21.55,167.8833,293.8,67,92,6.16,NC,1698592679
187,avarua,-21.2078,-159.775,295.18,68,100,3.09,CK,1698592679
188,constantia,44.1833,28.65,293.54,57,0,3.4,RO,1698592680
189,wundanyi,-3.4019,38.364,297.32,44,63,6.48,KE,1698592680
190,broome,42.2506,-75.833,281.36,95,100,3.6,US,1698592681
191,levuka,50.1834,-105.4011,266.99,95,65,3.78,CA,1698592681
192,urengoy,65.9667,78.3667,260.47,93,13,2.16,RU,1698592682
193,revda,56.801,59.9303,270.46,95,100,6.35,RU,1698592683
194,katsuura,35.1333,140.3,289.45,63,39,5.59,JP,1698592683
195,baglung,28.2719,83.5898,289.13,91,34,1.65,NP,1698592684
196,moree,-29.4667,149.85,291.56,33,3,3.43,AU,1698592684
197,sitka,57.0531,-135.33,279.09,75,100,2.06,US,1698592685
198,utrik,11.2278,169.8474,301.25,73,95,9.15,MH,1698592685
199,kirakira,-10.4544,161.9205,298.61,88,57,2.6,SB,1698592686
200,chesapeake,36.819,-76.2749,298.79,71,0,3.09,US,1698592460
201,arroyo,41.6096,-4.7969,287.71,77,100,3.09,ES,1698592687
202,ancud,-41.8697,-73.8203,281.29,52,96,8.32,CL,1698592688
203,ola,59.5833,151.2833,271.96,69,87,2.52,RU,1698592688
204,vyerkhnyadzvinsk,55.7815,27.9443,271.46,93,55,2.32,BY,1698592689
205,zaragoza,41.6561,-0.8773,296.73,38,75,3.6,ES,1698592690
206,st. john's,47.5649,-52.7093,282.68,73,75,10.8,CA,1698592471
207,borivli,19.2333,72.85,304.1,48,27,2.06,IN,1698592691
208,el colomo,19.05,-104.25,300.14,74,30,0.9,MX,1698592691
209,cooma,-36.2333,149.1333,283.05,42,90,2.48,AU,1698592692
210,lisakovsk,52.5369,62.4936,277.84,100,100,4.73,KZ,1698592692
211,iskateley,67.6803,53.1512,264.27,86,100,5.81,RU,1698592693
212,oranjemund,-28.55,16.4333,298.08,30,0,10.23,NA,1698592693
213,pauini,-7.7136,-66.9764,307.64,45,100,0.82,BR,1698592694
214,yuzhno-kurilsk,44.0306,145.8556,281.14,76,6,2.02,RU,1698592694
215,al burayqah,30.4062,19.5739,297.93,63,0,5.52,LY,1698592695
216,brigantine,39.4101,-74.3646,292.61,79,0,3.6,US,1698592696
217,tazacorte,28.629,-17.9293,297.69,74,40,3.13,ES,1698592696
218,bubaque,11.2833,-15.8333,301.29,75,94,2.85,GW,1698592697
219,yeniseysk,58.4497,92.1703,267.01,82,74,2.68,RU,1698592697
220,wanning,18.8003,110.3967,298.51,89,99,3.99,CN,1698592698
221,banda aceh,5.5577,95.3222,299.83,81,88,1.37,ID,1698592698
222,san felice circeo,41.2372,13.0942,296.49,72,3,0.89,IT,1698592699
223,raton,36.9034,-104.4391,269.49,68,100,7.2,US,1698592699
224,puerto baquerizo moreno,-0.9,-89.6,299.7,74,40,6.69,EC,1698592700
225,cole harbour,44.6724,-63.4751,282.43,55,75,6.69,CA,1698592701
226,jiangzi,28.95,89.6333,275.98,45,100,3.04,CN,1698592701
227,qamdo,31.1667,97.2333,271.29,34,11,0.68,CN,1698592702
228,luau,-10.7073,22.2247,304.85,34,95,3.09,AO,1698592703
229,tanjung pandan,-2.75,107.65,299.25,76,13,2.32,ID,1698592703
230,nar'yan-mar,67.6713,53.087,264.32,86,100,5.81,RU,1698592704
231,abaete,-19.16,-45.4458,305.41,43,18,3.72,BR,1698592704
232,labuan bajo,-8.4964,119.8877,299.01,77,48,0.8,ID,1698592705
233,kannangad,12.3081,75.1063,300.09,81,60,0.31,IN,1698592706
234,anna regina,7.2644,-58.5077,303.68,64,96,5.15,GY,1698592706
235,chambersburg,39.9376,-77.6611,290.37,92,100,2.24,US,1698592480
236,novodvinsk,64.4165,40.8122,268.59,81,98,0.89,RU,1698592708
237,xinji,37.9028,115.2036,290.31,43,5,1.9,CN,1698592708
238,puerto deseado,-47.7503,-65.8938,282.28,41,29,10.26,AR,1698592709
239,natal,-5.795,-35.2094,304.51,55,40,8.23,BR,1698592709
240,barra do corda,-5.5,-45.25,311.65,26,37,3.13,BR,1698592710
241,san juan de los morros,9.9115,-67.3538,303.34,60,23,1.48,VE,1698592711
242,motueka,-41.1333,173.0167,282.65,78,100,2.74,NZ,1698592712
243,tukrah,32.5341,20.5791,296.92,66,3,4.86,LY,1698592713
244,douentza,14.9951,-2.9517,311.17,10,0,3.32,ML,1698592714
245,south hedland,-20.4089,118.5983,299.11,89,98,3.09,AU,1698592714
246,tisaiyanvilai,8.3333,77.8833,300.67,74,82,2.21,IN,1698592715
247,vilyuysk,63.7553,121.6247,262.59,94,43,2.24,RU,1698592715
248,spring creek,40.7266,-115.5859,263.98,49,0,1.55,US,1698592716
249,dzhetygara,52.1908,61.2006,279.01,100,100,6.91,KZ,1698592717
250,muisne,0.6,-80.0333,298.78,84,100,3.57,EC,1698592578
251,leh,34.1667,77.5833,277.64,30,58,2.1,IN,1698592718
252,harbin,45.75,126.65,287.12,50,46,5.79,CN,1698592718
253,ciudad constitucion,25.0369,-111.6644,293.39,64,0,3.33,MX,1698592719
254,punta arenas,-53.15,-70.9167,281.21,36,40,8.75,CL,1698592720
255,champerico,14.3,-91.9167,302.45,79,97,0.77,GT,1698592720
256,kuta,-8.7233,115.1723,300.12,94,20,1.54,ID,1698592721
257,waingapu,-9.6567,120.2641,299.85,81,21,3.38,ID,1698592721
258,suncho corral,-27.9336,-63.4294,308.06,41,0,3.35,AR,1698592722
259,glace bay,46.1969,-59.957,283.33,62,75,8.75,CA,1698592723
260,polczyn-zdroj,53.7642,16.0957,283.31,80,100,7.26,PL,1698592723
261,bobo-dioulasso,11.1771,-4.2979,307.83,24,0,1.98,BF,1698592724
262,fort bragg,35.139,-79.006,298.4,66,0,4.12,US,1698592725
263,kolonia town,6.964,158.206,298.15,94,100,1.54,FM,1698592725
264,kanniyakumari,8.0833,77.5667,301.01,76,94,3.33,IN,1698592726
265,itoman,26.1247,127.6694,296.16,60,1,3.6,JP,1698592727
266,phek,25.6667,94.5,284.87,96,53,0.71,IN,1698592727
267,cusseta,32.3054,-84.7727,297.29,76,0,1.45,US,1698592728
268,tambacounda,13.7539,-13.7586,309.85,33,42,1.54,SN,1698592728
269,lazdynai,54.9422,22.4897,277.41,80,100,5.66,RU,1698592729
270,westport,41.1415,-73.3579,287.54,87,100,6.69,US,1698592502
271,rio negro,-26.1058,-49.7975,299.02,75,52,3.55,BR,1698592731
272,vorgashor,67.5833,63.95,256.41,95,19,2.46,RU,1698592731
273,flying fish cove,-10.4217,105.6791,298.97,83,75,4.63,CX,1698592732
274,cabo san lucas,22.8909,-109.9124,299.68,66,0,4.63,MX,1698592672
275,thunder bay,48.4001,-89.3168,271.14,74,75,1.03,CA,1698592733
276,vilyuchinsk,52.9306,158.4028,277.0,78,61,0.88,RU,1698592733
277,kulunda,52.566,78.9385,271.48,96,94,4.18,RU,1698592734
278,tarawa,1.419,172.984,300.2,89,20,0.51,KI,1698592734
279,mulayjah,27.271,48.4242,299.38,29,18,3.26,SA,1698592735
280,hanceville,34.0607,-86.7675,297.83,61,0,2.97,US,1698592735
281,onega,63.9061,38.1404,269.64,92,86,3.1,RU,1698592736
282,santa cruz,-17.8,-63.1667,304.18,58,75,12.86,BO,1698592503
283,tocopilla,-22.092,-70.1979,293.55,65,20,2.85,CL,1698592737
284,oltinko'l,40.8011,72.1634,295.14,30,100,0.69,UZ,1698592737
285,mount isa,-20.7333,139.5,296.02,46,90,1.03,AU,1698592738
286,saipan,15.1355,145.701,301.54,89,40,3.09,MP,1698592738
287,arkhangel'sk,64.5401,40.5433,268.78,81,96,0.97,RU,1698592567
288,georgetown,5.4112,100.3354,300.9,94,20,0.0,MY,1698592463
289,madinat ash shamal,26.1293,51.2009,301.74,56,13,3.42,QA,1698592741
290,belle fourche,44.6714,-103.8522,270.65,67,57,7.33,US,1698592741
291,zhaobaoshan,29.9695,121.6875,291.16,77,67,2.41,CN,1698592742
292,mejit,10.2753,170.8646,301.42,80,93,8.56,MH,1698592743
293,preobrazheniye,42.9019,133.9064,279.49,55,1,2.29,RU,1698592743
294,san antonio de pale,-1.4014,5.6325,299.52,81,37,2.85,GQ,1698592696
295,dunedin,-45.8742,170.5036,281.37,88,25,1.4,NZ,1698592570
296,mil'kovo,55.6078,37.7956,274.37,92,100,4.21,RU,1698592745
297,kudahuvadhoo,2.6708,72.8944,301.31,77,97,7.5,MV,1698592746
298,columbia falls,48.3725,-114.1815,267.27,83,75,0.0,US,1698592746
299,yeppoon,-23.1333,150.7333,291.03,68,65,4.45,AU,1698592747
300,ilabaya,-17.4208,-70.5133,295.59,43,91,4.44,PE,1698592747
301,foios,39.5441,-0.3537,298.52,49,0,6.71,ES,1698592748
302,envira,-7.3,-70.2167,297.35,92,100,1.11,BR,1698592749
303,floro,61.5996,5.0328,280.13,36,0,3.6,NO,1698592563
304,ceres,37.5949,-120.9577,280.82,55,0,2.57,US,1698592506
305,terrace,54.5163,-128.6035,269.1,86,40,3.09,CA,1698592750
306,juan de herrera,18.874,-71.2383,300.79,70,29,2.29,DO,1698592751
307,bhag,29.0415,67.8239,303.67,20,16,2.12,PK,1698592752
308,grand-lahou,5.1367,-5.0242,301.73,72,49,4.5,CI,1698592752
309,hafnarfjordur,64.0671,-21.9377,280.08,53,0,1.03,IS,1698592753
310,todos santos,23.45,-110.2167,298.32,77,22,2.83,MX,1698592754
311,ilanskiy,56.2358,96.065,266.75,62,2,1.8,RU,1698592754
312,nelson,-41.2833,173.2833,282.2,69,100,3.13,NZ,1698592755
313,carloforte,39.145,8.3058,296.94,72,7,5.32,IT,1698592755
314,kidal,18.4411,1.4078,310.12,7,1,4.43,ML,1698592756
315,mata-utu,-13.2816,-176.1745,301.01,79,50,2.67,WF,1698592757
316,spearfish,44.4908,-103.8594,269.75,79,100,7.2,US,1698592757
317,thinadhoo,0.5333,72.9333,300.59,80,99,8.01,MV,1698592758
318,nambucca heads,-30.65,153.0,289.35,85,88,3.95,AU,1698592758
319,beni saf,35.301,-1.3823,297.31,67,82,3.45,DZ,1698592759
320,kpandae,8.4689,-0.0113,307.83,37,8,1.42,GH,1698592760
321,grants pass,42.439,-123.3284,274.53,91,0,0.0,US,1698592760
322,malabar,-33.9667,151.25,291.55,74,1,3.09,AU,1698592761
323,cuatro cienegas de carranza,26.9833,-102.0833,296.84,62,63,1.14,MX,1698592762
324,wenling,28.3669,121.36,290.56,82,4,2.65,CN,1698592762
325,lentvaris,54.65,25.05,275.39,85,75,4.63,LT,1698592763
326,aldinga beach,-35.2793,138.4604,288.05,75,100,5.9,AU,1698592764
327,ati,13.2154,18.3353,311.61,12,13,3.27,TD,1698592764
328,san jose de gracia,20.6667,-102.5833,292.64,65,16,0.43,MX,1698592765
329,rio grande,-32.035,-52.0986,304.21,74,2,1.09,BR,1698592552
330,horta,38.5333,-28.6333,291.49,62,40,4.47,PT,1698592492
331,sinabang,2.4803,96.3801,299.0,84,100,1.7,ID,1698592767
332,hasaki,35.7333,140.8333,286.37,61,18,8.97,JP,1698592768
333,goz beida,13.95,20.55,310.61,14,65,1.89,TD,1698592769
334,touros,-5.1989,-35.4608,303.32,53,63,8.59,BR,1698592769
335,antonio enes,-16.2325,39.9086,300.35,76,0,8.78,MZ,1698592770
336,paita,-5.0892,-81.1144,294.67,76,100,5.67,PE,1698592771
337,yibin,28.7667,104.6238,292.43,76,0,0.59,CN,1698592771
338,zadar,44.1197,15.2422,294.49,78,20,4.63,HR,1698592772
339,atasu,48.6814,71.6433,282.34,97,100,5.35,KZ,1698592772
340,albertina,-22.2008,-46.6158,301.04,53,89,4.54,BR,1698592773
341,shahr-e babak,30.1165,55.1186,292.74,23,9,0.69,IR,1698592773
342,raduzhny,62.0961,77.475,261.86,96,47,1.26,RU,1698592774
343,sovetskaya gavan',48.9723,140.2878,277.1,59,52,1.55,RU,1698592775
344,mormugao,15.4,73.8,301.74,74,25,2.06,IN,1698592776
345,pangody,65.85,74.4859,259.9,93,17,2.25,RU,1698592776
346,vytegra,61.0064,36.4481,271.13,89,100,1.79,RU,1698592778
347,nova xavantina,-14.6667,-52.35,312.54,25,8,3.66,BR,1698592778
348,daxi,24.8837,121.2904,295.74,79,22,2.47,TW,1698592779
349,la ronge,55.1001,-105.2842,269.29,93,100,4.12,CA,1698592779
350,santa terezinha,-29.9002,-50.0904,299.15,67,15,2.09,BR,1698592780
351,socorro,31.6546,-106.3033,293.64,36,0,2.57,US,1698592781
352,sarakhs,36.5449,61.1577,299.4,22,13,3.59,IR,1698592782
353,nybro,56.7446,15.9071,278.73,97,100,5.25,SE,1698592782
354,talnakh,69.4865,88.3972,252.37,96,64,1.11,RU,1698592783
355,luganville,-15.5333,167.1667,296.77,80,92,2.38,VU,1698592783
356,aleksandrov gay,50.147,48.5704,282.84,65,93,10.8,RU,1698592784
357,cockburn town,21.4612,-71.1419,301.14,80,44,5.09,TC,1698592785
358,saudarkrokur,65.7461,-19.6394,273.66,76,17,2.12,IS,1698592785
359,lakatoro,-16.0999,167.4164,297.15,78,85,2.28,VU,1698592786
360,sao paulo de olivenca,-3.3783,-68.8725,306.1,55,100,1.22,BR,1698592786
361,port augusta,-32.5,137.7667,287.1,67,36,4.8,AU,1698592787
362,san rafael del sur,11.8485,-86.4384,299.69,89,100,2.91,NI,1698592787
363,muntok,-2.0667,105.1833,300.54,73,84,3.95,ID,1698592788
364,khorixas,-20.3667,14.9667,309.06,4,0,7.53,NA,1698592789
365,nova sintra,14.8667,-24.7167,296.32,67,97,5.03,CV,1698592576
366,viareggio,43.8735,10.2558,295.14,84,99,3.15,IT,1698592790
367,tchintabaraden,15.8969,5.7985,309.55,7,3,1.03,NE,1698592790
368,argo,37.6333,22.7333,296.36,55,15,1.07,GR,1698592791
369,kavala,40.9397,24.4019,294.73,88,20,1.03,GR,1698592791
370,arteche,12.2645,125.4048,299.37,87,91,2.98,PH,1698592792
371,jayapura,-2.5333,140.7,298.81,89,66,3.08,ID,1698592792
372,quellon,-43.1167,-73.6167,281.11,52,87,7.0,CL,1698592793
373,zyryanovsk,49.7386,84.2719,272.62,99,100,0.25,KZ,1698592793
374,yeraliyev,43.2,51.65,292.81,48,90,5.4,KZ,1698592794
375,kilinochchi,9.3961,80.3982,299.05,85,98,2.87,LK,1698592794
376,sena madureira,-9.0656,-68.6569,299.5,72,100,1.8,BR,1698592795
377,shingu,33.7333,135.9833,284.34,80,0,2.89,JP,1698592796
378,mili,6.0815,171.735,301.73,77,100,6.44,MH,1698592796
379,karabuk,41.2049,32.6277,292.5,77,100,1.73,TR,1698592797
380,mweka,-4.85,21.5667,301.55,65,90,1.1,CD,1698592797
381,paramonga,-10.6667,-77.8333,294.61,78,90,4.57,PE,1698592798
382,acapulco de juarez,16.8634,-99.8901,300.59,77,83,1.17,MX,1698592799
383,taltal,-25.4,-70.4833,289.99,75,31,3.08,CL,1698592799
384,as sulayyil,20.4607,45.5779,303.29,27,100,4.26,SA,1698592800
385,elko,41.0002,-115.5012,264.16,42,0,1.66,US,1698592800
386,hilo,19.7297,-155.09,294.52,68,0,3.09,US,1698592765
387,aitape,-3.1374,142.3475,298.59,85,100,1.98,PG,1698592802
388,vandalia,39.8906,-84.1988,285.86,94,100,4.12,US,1698592518
389,nchelenge,-9.3451,28.734,301.33,52,69,0.87,ZM,1698592803
390,sinop,41.7711,34.8709,289.39,78,100,1.08,TR,1698592804
391,sosnovo-ozerskoye,52.5249,111.5418,263.37,58,56,1.54,RU,1698592805
392,nouadhibou,20.931,-17.0347,299.14,65,0,6.69,MR,1698592806
393,boguchany,58.3814,97.4531,268.63,63,34,4.92,RU,1698592807
394,sept-iles,50.2001,-66.3821,278.39,55,20,7.2,CA,1698592742
395,buala,-8.145,159.5921,299.37,84,98,1.06,SB,1698592808
396,nuuk,64.1835,-51.7216,272.49,74,100,1.54,GL,1698592809
397,rusape,-18.5278,32.1284,298.66,36,95,4.42,ZW,1698592810
398,xilin hot,43.9667,116.0333,274.84,43,35,3.19,CN,1698592810
399,ormara,25.2088,64.6357,300.37,75,0,4.48,PK,1698592811
400,akureyri,65.6835,-18.0878,274.11,80,0,0.51,IS,1698592812
401,majuro,7.0897,171.3803,300.13,83,100,3.09,MH,1698592812
402,elista,46.3078,44.2558,286.44,66,2,5.0,RU,1698592813
403,susuman,62.7833,148.1667,255.36,99,89,0.45,RU,1698592814
404,lamar,33.6668,-95.5836,281.1,98,100,7.72,US,1698592814
405,manta,-0.95,-80.7333,301.03,65,75,2.57,EC,1698592815
406,mogadishu,2.0371,45.3438,300.14,76,41,4.68,SO,1698592816
407,tateyama,34.9833,139.8667,289.32,61,15,6.57,JP,1698592817
408,makariv,50.4641,29.8113,283.89,78,47,1.61,UA,1698592818
409,mamuju,-2.6748,118.8885,299.23,82,77,1.4,ID,1698592818
410,yorkton,51.2167,-102.4677,266.06,93,100,4.63,CA,1698592819
411,minas de marcona,-15.2119,-75.1103,292.82,64,89,6.17,PE,1698592819
412,dryden,49.7833,-92.7503,269.31,93,100,2.57,CA,1698592820
413,hohenau,-27.0833,-55.75,298.8,74,79,1.04,PY,1698592820
414,umea,63.8284,20.2597,272.11,86,100,2.57,SE,1698592821
415,padangsidempuan,1.3667,99.2667,295.76,100,100,0.37,ID,1698592822
416,aurangabad,19.8833,75.3333,296.71,38,2,2.78,IN,1698592823
417,tejupilco de hidalgo,18.9,-100.15,294.87,75,5,0.43,MX,1698592823
418,bangar,16.8936,120.4243,298.81,84,42,1.99,PH,1698592824
419,holualoa,19.6228,-155.9522,295.8,81,20,2.24,US,1698592825
420,bel ombre,-4.6167,55.4167,301.06,83,20,3.09,SC,1698592825
421,shimoda,34.6667,138.95,287.65,62,0,2.25,JP,1698592826
422,santa sylvina,-27.8326,-61.1375,309.29,39,0,3.43,AR,1698592826
423,letlhakeng,-24.0944,25.0298,307.52,12,5,4.87,BW,1698592827
424,east london,-33.0153,27.9116,288.67,67,75,5.12,ZA,1698592827
425,caala,-12.8525,15.5606,295.31,56,87,1.81,AO,1698592828
426,pipraich,26.8264,83.53,296.23,49,2,1.63,IN,1698592829
427,hami,42.8,93.45,288.07,31,100,1.98,CN,1698592829
428,newman,37.3138,-121.0208,281.07,54,0,2.24,US,1698592830
429,nelson bay,-32.7167,152.15,289.87,83,2,3.13,AU,1698592807
430,caxias,38.7031,-9.2767,294.52,85,20,4.12,PT,1698592831
431,segou,13.4317,-6.2157,310.91,18,87,2.29,ML,1698592831
432,lampasas,31.2168,-98.2336,283.18,93,100,4.63,US,1698592832
433,usogorsk,63.4106,48.6872,269.63,83,100,3.4,RU,1698592832
434,quatre cocos,-20.2078,57.7625,299.21,74,11,4.5,MU,1698592833
435,greenville,35.6127,-77.3663,299.34,67,0,3.6,US,1698592833
436,ain leuh,33.2921,-5.3384,291.54,39,78,4.65,MA,1698592834
437,baro,8.6,6.4167,309.37,30,93,1.51,NG,1698592835
438,manismata,-2.4667,111.0333,297.83,89,38,0.56,ID,1698592835
439,new norfolk,-42.7826,147.0587,284.66,74,100,1.88,AU,1698592836
440,sabang,5.8933,95.3214,300.69,75,57,1.86,ID,1698592836
441,pallasovka,50.05,46.8833,282.63,68,97,9.5,RU,1698592837
442,fort st. john,56.2499,-120.8529,264.09,92,75,2.57,CA,1698592548
443,saint-joseph,-21.3667,55.6167,298.36,86,39,4.67,RE,1698592839
444,san antonio,29.4241,-98.4936,300.01,80,75,5.66,US,1698592788
445,fish town,5.1964,-7.8756,300.59,72,78,2.2,LR,1698592840
446,ribeira brava,32.65,-17.0667,297.04,81,100,4.32,PT,1698592840
447,valdivia,-39.8142,-73.2459,281.2,93,100,4.65,CL,1698592630
448,pacific grove,36.6177,-121.9166,286.72,43,0,4.02,US,1698592841
449,tralee,52.2704,-9.7026,283.29,93,20,0.51,IE,1698592722
450,howrah,22.5892,88.3103,299.15,73,40,2.57,IN,1698592843
451,crucecita,-28.95,-58.9833,302.18,55,15,2.89,AR,1698592844
452,tavda,58.0425,65.2726,269.65,70,100,4.47,RU,1698592845
453,puerto carreno,6.189,-67.4859,305.47,58,20,2.92,CO,1698592845
454,hithadhoo,-0.6,73.0833,300.24,79,100,7.68,MV,1698592846
455,kristiansund,63.1115,7.732,278.18,70,0,4.12,NO,1698592847
456,ingeniero guillermo n. juarez,-23.9,-61.85,309.72,35,35,3.57,AR,1698592847
457,kilindoni,-7.9139,39.6668,300.35,79,96,5.66,TZ,1698592848
458,caiaponia,-16.9567,-51.8103,309.77,26,65,5.19,BR,1698592848
459,la passe,45.5549,-0.8967,290.36,80,100,4.49,FR,1698592849
460,ghat,24.9647,10.1728,306.77,13,1,3.39,LY,1698592849
461,umatilla,45.5001,-118.5014,268.53,85,0,0.0,US,1698592850
462,coquimbo,-29.9533,-71.3436,292.0,55,0,4.12,CL,1698592730
463,la'ie,21.6477,-157.9253,297.1,79,6,3.32,US,1698592851
464,gaspe,48.8334,-64.4819,278.27,52,75,6.17,CA,1698592852
465,richmond,37.5538,-77.4603,299.7,69,20,3.09,US,1698592280
466,freetown,8.484,-13.2299,302.99,74,75,3.6,SL,1698592853
467,al bawiti,28.3492,28.8659,301.53,27,1,4.27,EG,1698592854
468,glenfield park,-35.1372,147.334,290.57,28,83,5.74,AU,1698592854
469,korce,40.6186,20.7808,291.1,51,0,1.35,AL,1698592855
470,maragogi,-9.0122,-35.2225,301.25,60,60,6.43,BR,1698592856
471,kerman,30.2832,57.0788,294.07,32,0,3.09,IR,1698592856
472,yelwa,8.8333,9.6333,309.07,30,92,1.73,NG,1698592857
473,abashiri,44.0213,144.2697,281.49,76,82,0.96,JP,1698592857
474,howard springs,-12.497,131.047,302.1,82,21,1.02,AU,1698592858
475,hemmoor,53.7,9.1167,287.65,77,68,6.12,DE,1698592859
476,gizo,-8.103,156.8419,300.5,81,100,2.85,SB,1698592859
477,magadan,59.5667,150.8,270.86,75,93,2.1,RU,1698592860
478,zaozersk,69.4005,32.4476,264.07,95,100,1.24,RU,1698592860
479,yelizovo,53.1873,158.3805,276.93,86,0,4.0,RU,1698592861
480,uturoa,-16.7333,-151.4333,299.41,78,13,7.16,PF,1698592861
481,ingeniero jacobacci,-41.3427,-69.5448,279.61,41,67,13.51,AR,1698592862
482,ibiruba,-28.6275,-53.0897,298.68,69,55,3.11,BR,1698592862
483,undurkhaan,47.3194,110.6556,272.25,51,10,2.37,MN,1698592863
484,sarvar,47.2539,16.9352,292.07,60,94,11.18,HU,1698592864
485,aripuana,-9.1667,-60.6333,313.89,21,72,1.41,BR,1698592864
486,antsohihy,-14.8796,47.9875,302.04,67,21,3.56,MG,1698592865
487,salmon arm,50.6998,-119.3024,268.39,86,17,1.54,CA,1698592865
488,boyolangu,-8.1181,111.8935,297.54,89,75,1.72,ID,1698592866
489,taroa,8.7058,171.2275,301.5,80,46,8.95,MH,1698592867
490,kenai,60.5544,-151.2583,277.2,81,100,5.66,US,1698592867
491,belmonte,-15.8631,-38.8828,301.6,56,86,4.92,BR,1698592868
492,nishinoomote,30.7333,131.0,293.39,55,1,2.94,JP,1698592869
493,huarmey,-10.0681,-78.1522,295.34,77,73,5.34,PE,1698592869
494,demyansk,57.643,32.466,271.31,86,86,1.39,RU,1698592870
495,ponta delgada,37.7333,-25.6667,291.59,63,40,6.17,PT,1698592870
496,buka,40.8108,69.1986,295.77,30,100,2.13,UZ,1698592871
497,naze,28.3667,129.4833,290.66,66,0,2.3,JP,1698592871
498,cill airne,52.05,-9.5167,283.18,93,20,0.51,IE,1698592872
499,nadym,65.5333,72.5167,262.78,98,89,1.75,RU,1698592873
500,padang,-0.9492,100.3543,299.18,89,100,1.39,ID,1698592803
501,las tablas,7.7667,-80.2833,302.14,70,91,2.1,PA,1698592874
502,robbah,33.2797,6.9098,302.95,14,100,1.69,DZ,1698592874
503,lorengau,-2.0226,147.2712,299.91,82,100,3.42,PG,1698592875
504,chonchi,-42.6128,-73.8092,283.22,57,65,4.68,CL,1698592875
505,filey,54.21,-0.2892,284.97,90,74,0.45,GB,1698592642
506,carnarvon,-24.8667,113.6333,293.27,69,0,11.14,AU,1698592876
507,dali,25.7,100.1833,286.29,66,23,1.17,CN,1698592877
508,prince rupert,54.3161,-130.3201,277.98,86,0,4.12,CA,1698592877
509,tshabong,-26.05,22.45,301.93,8,0,3.8,BW,1698592878
510,bonab,37.3404,46.0561,290.4,39,0,0.0,IR,1698592879
511,lompoc,34.6391,-120.4579,284.78,77,0,4.12,US,1698592879
512,arraial do cabo,-22.9661,-42.0278,306.07,55,0,3.09,BR,1698592880
513,gambiran satu,-8.3939,114.1464,295.51,90,9,0.73,ID,1698592881
514,tobol,52.6844,62.5794,276.93,100,100,4.1,KZ,1698592882
515,mahina,-17.5065,-149.489,297.02,83,20,0.51,PF,1698592882
516,kankanhalli,12.55,77.4167,295.3,86,100,2.98,IN,1698592883
517,yurimaguas,-5.9,-76.0833,297.24,100,100,2.06,PE,1698592884
518,prince george,53.9166,-122.753,259.84,78,0,0.0,CA,1698592813
519,lillehammer,61.1146,10.4674,271.43,62,1,0.34,NO,1698592885
520,shahrak,34.1074,64.3052,283.24,45,7,2.09,AF,1698592885
521,richards bay,-28.783,32.0377,290.2,59,100,8.03,ZA,1698592886
522,bukittinggi,-0.3091,100.3706,292.4,96,100,0.17,ID,1698592802
523,rongelap,11.1635,166.8941,301.51,72,91,9.32,MH,1698592877
524,kill devil hills,36.0307,-75.676,296.16,61,0,2.57,US,1698592888
525,vorkuta,67.5,64.0,255.76,96,19,2.12,RU,1698592889
526,piraquara,-25.4417,-49.0633,297.76,77,100,3.6,BR,1698592890
527,bundaberg,-24.85,152.35,288.83,84,1,0.45,AU,1698592869
528,khandyga,62.6667,135.6,265.07,96,100,1.7,RU,1698592891
529,popondetta,-8.7537,148.2534,296.06,92,96,1.2,PG,1698592891
530,hakui,36.8833,136.7833,288.04,74,11,1.38,JP,1698592873
531,cuorgne,45.3895,7.6499,288.07,84,100,0.95,IT,1698592893
532,krasnoshchekovo,51.6708,82.7289,272.66,98,100,1.52,RU,1698592893
533,pak phanang,8.3511,100.202,301.16,73,97,2.41,TH,1698592894
534,siwa oasis,29.2041,25.5195,302.49,34,93,3.22,EG,1698592894
535,i-n-salah,27.1935,2.4607,309.56,10,100,1.73,DZ,1698592895
536,callao,-12.0667,-77.15,295.31,73,20,7.72,PE,1698592895
537,obonoma,4.7084,6.7931,303.56,67,99,0.29,NG,1698592896
538,boa vista,2.8197,-60.6733,307.14,49,40,5.66,BR,1698592787
539,tangalle,6.024,80.7911,299.06,82,48,0.86,LK,1698592824
540,pula,44.8683,13.8481,293.46,77,0,3.09,HR,1698592897
541,sadri,25.1833,73.4333,299.07,30,4,1.86,IN,1698592898
542,kosong,38.3788,128.4676,283.42,70,0,2.42,KR,1698592899
543,kimbe,-5.5502,150.1429,297.41,93,97,1.75,PG,1698592899
544,nenjiang,49.1833,125.2167,277.61,49,67,1.79,CN,1698592900
545,yarega,63.4354,53.5765,266.97,85,100,4.74,RU,1698592900
546,villa rica,33.7321,-84.9191,297.27,70,0,0.45,US,1698592901
547,mariestad,58.7097,13.8237,278.41,88,100,6.41,SE,1698592901
548,dzhambeyty,50.2536,52.595,282.67,67,88,11.89,KZ,1698592902
549,brokopondo,4.75,-55.1667,304.85,52,70,1.47,SR,1698592902
550,danjiangkou,32.5428,111.5086,292.27,61,0,1.42,CN,1698592903
551,mazamari,-11.3258,-74.5308,298.26,88,99,1.1,PE,1698592904
552,paragominas,-2.9667,-47.4833,309.89,32,4,3.24,BR,1698592905
553,pechora,65.1472,57.2244,264.18,80,100,1.79,RU,1698592905
554,puerto san jose,13.9256,-90.8244,300.64,78,99,5.59,GT,1698592906
555,hadibu,12.65,54.0333,299.92,76,100,4.55,YE,1698592906
556,oum hadjer,13.2954,19.6966,310.97,16,35,2.67,TD,1698592907
557,puerto armuelles,8.2833,-82.8667,300.14,87,75,3.13,PA,1698592873
558,bulawayo,-20.15,28.5833,295.53,55,61,2.02,ZW,1698592908
559,christchurch,-43.5333,172.6333,285.32,79,75,6.69,NZ,1698592704
560,gangakher,18.95,76.75,295.98,44,0,3.23,IN,1698592909
561,aral,40.5156,81.2636,288.21,26,13,1.21,CN,1698592910
562,humaita,-7.5061,-63.0208,312.32,24,43,2.0,BR,1698592910
563,la gi,10.6667,107.7833,299.88,86,92,4.11,VN,1698592911
564,san felipe,10.3399,-68.7425,302.17,73,98,1.03,VE,1698592912
565,inari,68.906,27.0288,267.26,97,83,0.88,FI,1698592912
566,dombovar,46.3766,18.137,293.6,56,11,5.96,HU,1698592913
567,margate,51.3813,1.3862,283.88,88,87,2.24,GB,1698592749
568,novyy urgal,51.0736,132.5642,272.39,69,97,0.58,RU,1698592914
569,kurchatov,51.6601,35.6521,278.38,79,81,3.34,RU,1698592915
570,puerto maldonado,-12.6,-69.1833,302.37,70,75,3.09,PE,1698592916
571,dakhla,23.6848,-15.958,296.16,68,0,7.2,EH,1698592901
572,sechura,-5.5569,-80.8222,296.16,69,100,5.34,PE,1698592917
573,qiqihar,47.3408,123.9672,281.0,44,100,5.82,CN,1698592917
574,mahibadhoo,3.7833,72.9667,301.44,73,100,6.78,MV,1698592881
575,emmett,43.8735,-116.4993,273.11,76,0,1.34,US,1698592918
576,qarqaraly,49.4058,75.4742,276.79,99,100,4.25,KZ,1698592919
577,fujin,47.26,132.0322,276.67,51,41,3.57,CN,1698592920
578,irara,-12.05,-38.7667,307.21,25,100,4.45,BR,1698592920
579,shalqar,47.8333,59.6,288.56,67,97,7.93,KZ,1698592921
580,troitsko-pechorsk,62.7084,56.1964,265.76,98,100,1.34,RU,1698592921
